{
  "page": {
    "label": "TRANSLATE.LMS.LMSCONF"
  },
  "sections": [
    {
      "id": "section_account_logout",
      "element": "section",
      "label": "TRANSLATE.LMS.NAVIGATE_TO_SERVER",
      "description": "TRANSLATE.LMS.D_NAVIGATE_TO_SERVER",
      "icon": "fa-windows-maximize",
      "content": [
        {
          "id": "open_webconfig",
          "element": "button",
          "label": "Lyrion Music Server",
          "description": "Open the LMS webconsole",
          "onClick": {
            "type": "openUrl",
            "url": "https://localhost:9000"
          }
        }
      ]
    }
  ]
}
